{
  "configurations": [
    {
      "name": "windows-gcc-x64",
      "includePath": [
        "${workspaceFolder}/**",
        "C:/mingw64/bin/../lib/gcc/x86_64-w64-mingw32/13.2.0/include/c++",
        "C:/mingw64/bin/../lib/gcc/x86_64-w64-mingw32/13.2.0/include/c++/x86_64-w64-mingw32",
        "C:/mingw64/bin/../lib/gcc/x86_64-w64-mingw32/13.2.0/include/c++/backward",
        "C:/mingw64/bin/../lib/gcc/x86_64-w64-mingw32/13.2.0/include",
        "C:/mingw64/bin/../lib/gcc/x86_64-w64-mingw32/13.2.0/include-fixed",
        "C:/mingw64/bin/../lib/gcc/x86_64-w64-mingw32/13.2.0/../../../../x86_64-w64-mingw32/include"
      ],
      "defines": [
        "_DEBUG",
        "UNICODE",
        "_UNICODE"
      ],
      "cppStandard": "gnu++17",
      "intelliSenseMode": "windows-gcc-x64",
      "compilerPath": "C:/mingw64/bin/gcc.exe",
      "cStandard": "c11"
    }
  ],
  "version": 4
}